delta,theta,alpha,beta,mean,std,label
2.5479191140280157,0.001254256381770089,2.5333387973377745e-05,2.614361890898214e-06,-0.97904413826322,4.445013532258281,0
2.5479191140280157,0.001254256381770089,2.5333387973377745e-05,2.614361890898214e-06,-0.97904413826322,4.445013532258281,0
2.5479191140280157,0.001254256381770089,2.5333387973377745e-05,2.614361890898214e-06,-0.97904413826322,4.445013532258281,0
2.5479191140280157,0.001254256381770089,2.5333387973377745e-05,2.614361890898214e-06,-0.97904413826322,4.445013532258281,0
11072.686387991747,3045.820216412521,1972.883980076735,1719.052837913433,151.4772945452936,1311.0244619537343,0
4478.330064145145,835.311782209139,355.6840635383685,166.8215161623557,6.751984432317524,85.16610219417356,0
2633.1163119282246,1412.1694594372816,321.2493371737613,196.65456305883302,-3.741174910928601,72.2437020678979,0
2468.858816775704,1061.1418941571333,508.8281343871629,117.20777036282799,-3.0614540090516296,70.85404431962682,0
981.2473171805659,1133.9145550177852,187.88646114479238,246.74279647211463,7.148576976964717,67.59926294720641,0
2369.383721297053,826.3605772154651,247.2029175754726,161.32189827573245,13.56689251434201,73.99249447762662,0
1184.7878915297315,628.5824685001523,257.26998362691575,132.29746346681284,-1.575136559730915,52.929141043002794,0
1327.1071349562444,400.1158799130624,287.89186828421714,127.09714735481953,4.391862732158373,52.82462937094019,0
2307.2029611468506,550.8734907175426,246.32539919736868,120.72625619994207,-1.0269470600723398,61.79339761924084,0
3047.386553525795,445.36032341104107,194.22723057039144,166.82298983191728,-3.814625803943904,57.96051108735493,0
1716.603111968651,433.95429211594563,245.81664973301196,127.72866939686918,18.350994115631284,75.40737390150177,0
2501.4337798916795,147.66936655719337,136.28767453297397,168.21592426268307,-4.584423020023672,51.818970001685955,0
3000.0923821037554,313.51098600745985,145.61083855742996,116.55605541031764,1.5888198094228398,59.17573277241551,0
1115.0769953336494,446.6657741475774,155.24121789588736,138.8474150160754,2.7465464200451564,42.99915059261521,0
1168.9468184463221,487.10583767762944,153.75148220494626,166.7254949603232,1.1875599233564764,53.049950926396285,0
2520.6414760976186,505.86265713123237,204.29420447907657,265.85422610097226,6.564586163712087,55.87953969258004,0
2490.0616651946602,455.24089264408786,210.16962088119013,125.52521881906382,-14.313155528460701,71.89201421356694,0
1947.7211547250904,306.0572580270289,132.7061044085551,153.22508576248677,-14.048910705506762,60.054602303322085,0
1513.813304740404,408.559953728732,202.83231283972597,103.56311149958383,5.544449932930046,46.3143737775957,0
942.4056746132102,701.0836031508652,104.70998193620122,159.30583581639607,7.214662318025531,52.68974611261909,0
1263.8844518504002,357.5787987444533,129.04719569259188,141.7954793426525,2.868755516626278,49.329621645913946,0
1210.4736463649065,400.41002929842205,230.65227868836493,128.60164650786535,7.111754546189049,50.132764286512696,0
720.7736992598236,329.147623640011,136.7248044986169,126.41796302070502,10.483456041469651,48.03957131251376,0
1154.2815846688177,392.4403634648537,160.6745762986758,157.98476326294988,1.7599016939977592,51.35016426451061,0
2449.853700801342,407.820057596551,100.43600996550131,75.55212271378537,-1.6840328050601734,53.804221706095355,0
1576.7119626353149,384.1646200797021,140.15512211909075,99.73084155881578,1.0261860101204978,53.09548029995663,0
7299.026449329549,589.2920609332091,215.52238183905308,214.81149576697896,-12.211355585534303,97.13566663557722,0
1928.4540484526906,430.43557599528094,210.16964265424878,179.21977139938878,-3.669929716301117,60.5561611448094,0
1412.9124622921568,696.6068732527781,242.09315534706212,341.07679965109736,1.010087311922467,61.86935025664759,0
1176.6598994445,455.69332173652884,460.48473830353777,294.7155561329167,2.2406476832237257,56.20598190566399,0
645.4960838430172,1096.9491285482295,144.3711716743213,285.34506168968386,-5.861358337266416,51.65636969187382,0
1482.9400423232155,419.02025020548723,133.04979821131496,161.98684050592342,-2.3763955892416724,44.770257832848515,0
1611.262211361844,387.9195509946038,213.88382860840653,178.23063175736957,-1.2691222351188252,53.87326897613609,0
802.9321660514215,490.8546565544236,117.13393037004482,126.39626926453998,5.02366971373089,50.973361709843196,0
1249.0043658991585,451.84020304769825,146.9712952926672,163.76085482631248,0.263481702780487,52.47981170773445,0
1213.7857768706629,642.1883415239181,221.67988499464232,154.04664111133084,19.208991434531676,65.95287761057375,0
733.6187607293054,278.89566466762426,179.025802005288,150.71676324468658,9.405117538068998,54.94311260300361,0
1322.2783000584877,916.4311440453456,248.4202886215628,239.9527159262236,5.668364262365339,52.821804158756294,0
510.24146971599026,549.7695497014165,199.49451762144196,134.19608961649757,11.046945475345243,47.96094751267549,0
1446.1766197452487,947.1052862611842,142.20057993323357,152.95219575738986,1.6717358014647696,53.86595405596607,0
1418.6690892642064,289.7226696543097,169.38788346698647,138.00124339105398,11.151757291523953,61.67575002675407,0
1354.2221182691856,415.44286801864007,263.3425121282826,93.93537117441143,12.687964750389746,61.374977654645015,0
983.9509805758477,519.3874360592704,179.33158285366844,131.27436444456683,-2.1294039635543385,50.664999608557665,0
1562.9553249846635,315.7517472084849,174.60477585192154,71.98597403325907,11.135174715544405,59.689602320372806,0
1605.5712367563851,497.83564649139225,154.95130008207872,196.32482005927469,6.4004849248864355,64.16691104271135,0
1500.205361120963,781.2958975512922,214.4380604348151,111.09045956377078,0.770969507395975,58.60501602992345,0
1394.050057363234,572.5045537790663,88.95510448852856,84.18318567611695,8.222004003549367,52.54199386413151,0
4443.647741234017,1474.9523690780338,172.99297014855367,97.53639046791812,0.6623023764070144,79.32317549462017,0
1880.8121908052617,901.3011785688177,160.58812397231117,125.01911471415153,2.0048516571338575,56.88097747007346,0
899.4081229871382,270.3400763396997,146.1599416649513,123.01778371012522,-10.442407194431969,44.74404534514705,0
637.6709615320098,980.3993104160647,263.8115994848601,106.31593004015157,0.9169523461856954,48.4563560307121,0
745.1253631356561,286.67568382250516,236.47397881019432,193.28443972367575,-3.807418942668636,44.553581333090555,0
1047.4554542563055,525.1228185389526,193.18507636840468,141.10262827881667,0.6090426127460629,50.16074362903204,0
437.0994473979506,240.7875448404654,162.75770803180097,121.63042542093696,2.539144629978788,37.066538867511404,0
2354.377222154813,573.4646747569612,333.640889996105,128.21459064327394,8.013171957247433,64.96719064723983,0
917.0375700992217,364.068755865537,181.14637289574998,171.568764398067,1.3459465400369899,39.90710244419825,0
1175.3687317023066,415.4898301972818,220.15856699123202,112.07669089617933,-4.652993058144426,51.048147996692265,0
379.2303599466114,832.2130487612151,169.91814755625228,94.17467571641905,4.175578722634719,45.94743858019661,0
734.1559442761114,380.98822983330734,66.62895506933963,165.78463960608843,-0.20472173269357508,51.764039080445855,0
3512.863159472875,938.7235957753951,328.9483368197512,131.07030413963764,3.1541774234196325,70.6980886618176,1
2719.5282831531063,212.0784688304555,303.3798400102437,130.03544027576189,6.668475654248876,74.93791816007207,1
3936.0886965802115,566.9425286841724,570.39994268616,160.14221553780516,-22.056038212460635,87.18131896676701,1
3418.5777451088256,511.8545884576422,228.55339099825875,138.74792985642767,11.074836384521648,77.72993598857707,1
1689.6198681819596,424.4914638652136,305.34590164372,144.92252392378043,23.24534849750677,82.87207177275675,1
2338.524895007573,845.046460016723,209.96560583522376,145.4920044952081,-9.29190487827971,60.44438994261089,1
798.0850660850633,422.80507187181274,488.7060070228353,265.6600124992219,-14.464614722496409,68.16778905109685,1
3499.2301273806943,343.84271793490063,361.173440196206,323.36916625515624,-27.715129743890397,114.69394161359574,1
1922.6154080752729,666.0627154970306,342.5764271699894,138.73322888808985,22.779230275561606,88.01383617795847,1
1383.1676010845579,444.8332787586342,169.37301454663563,97.51047933368017,-12.171397102834769,61.55483956466195,1
1076.3221850427462,529.5402216314503,139.78135897679567,113.38649251460514,-4.653946601764706,44.02395624081802,1
2065.2875923737215,585.3595465740111,223.47240194969692,90.54649108842023,-24.876490166227907,87.31728335481624,1
1964.5361542578094,852.075561885001,409.9550208168645,135.8696637600632,13.592377693891073,64.6320640817548,1
3558.7598454173553,690.9767867709256,229.41799509938141,142.5444443591776,17.340822606644274,85.47277917184144,1
1631.2504924727714,539.9595611136963,147.61937061477113,105.19075482751285,-1.0622494353612604,55.71915093854677,1
673.9321133136204,376.81767276400177,230.5902167925338,128.8100317887715,-20.119643021563157,65.69043229093242,1
1113.689035124597,289.4584522633221,104.36561753998649,117.26634070788506,-7.91840345927039,45.06261891941101,1
1541.3866857649841,210.63722326423272,229.2527220750202,141.0453511211392,18.438171513456,67.41845422084111,1
2334.001177617444,696.3729571953936,201.89686357363763,134.56670719967025,8.516077998519552,69.23505116041125,1
2120.3908917028975,285.28546264085537,184.81648958191852,125.95476920398414,-7.489606617947226,63.671417315317825,1
1871.9710253415174,348.6654326641916,176.86795885412033,99.24267837478303,-14.523158972326417,68.25597813240536,1
2648.832838543238,227.91658776048988,223.45605083504384,111.77542482742962,12.524572980066448,81.03324108781432,1
2289.1605970798655,371.93022555629057,300.7427243036567,97.47583770730617,-3.4929096301222162,63.82315325109382,1
890.8140831857565,517.1376876406666,181.72259438541346,92.4708851845607,-1.2577350243885421,46.71430195649898,1
854.6173477818343,296.95239190541236,105.86829853809307,128.74799302591805,-22.464482486258802,78.42286226691701,1
618.4923678818762,427.0867274425792,157.03199425526105,76.73846693369923,9.908969733214462,43.24011086153281,1
558.1589708427194,297.23778053402464,297.2570890495418,112.7107560293137,14.71733503019327,59.62701219766703,1
653.6369767696783,432.6815218482707,226.59906351014985,117.85212594243202,5.5783773226173565,41.99242394309631,1
1285.290237758482,407.21821808731255,80.50256211539707,135.4589038856821,-8.901181246369388,53.96504911832324,1
4628.5683897162435,568.7813068672244,184.3880262808296,152.03067242625139,10.886271028831978,77.34754145322813,1
1165.9659291426833,486.5950350726787,204.6410945115551,166.58341145709932,15.986277210787769,62.29987572696005,1
931.0419153519562,412.03587100794897,282.13831376829495,113.4068186777931,-2.1668045062977104,47.7684431744104,1
1313.0740320332447,623.8575021872188,228.55185378051246,95.83124485034047,-16.421827380246402,59.782153333108276,1
247.98894502270736,240.68759779419943,164.97879861541068,129.05156578259815,-2.3509513162586613,30.438170846895186,1
979.7886023625847,583.9414172956765,100.4886813477355,99.55911169404759,9.724970754369986,50.50212142548762,1
1236.0079918299475,320.4754781924603,107.08235100894717,93.98080598362324,4.771443418971799,52.74413619752165,1
3164.5787152086496,586.2791977200791,230.757029763737,179.73204612807532,-5.857555810985389,65.1215227032004,1
519.5176004376515,475.121876560735,93.6923509069438,62.17660376226041,-0.5167054201379773,50.04765596247544,1
556.9910790593865,358.4429244962704,194.35598075212516,71.66977845325749,14.311977288617031,51.48552685750185,1
783.5018933691618,183.1245073184219,82.14925757978325,121.03501072631614,0.7475560610817098,39.46100848663874,1
1572.4274924014508,266.038114106671,135.2826862078213,67.48916365786118,-6.261460851232412,52.59508282361569,1
1842.3532970049216,308.00487308403905,215.9701662074904,90.34961136501322,-12.258614295102063,62.72130618085348,1
1191.0633876339098,275.7175189305447,136.40039883453508,71.86973882827249,10.85690306212057,52.2667793918386,1
1763.5711474233717,626.052633959541,154.6383111469952,92.18506960442959,-12.676218871549032,59.34497885662756,1
3063.0143001195156,264.5818519940518,251.89242458943892,94.5247173947583,-8.10856731395303,63.23809891227019,1
1478.3363472672436,548.1945989461443,128.62053095510774,116.64194470929581,-16.311307883092198,71.39815267584864,1
1245.7028815751942,167.3357278537145,61.14050975517946,81.0267810621725,13.417901031176205,52.61873325057956,1
3379.6353329738286,442.35305968058765,152.46151776557537,127.08011630652679,-1.1030906110401784,67.82706839040236,1
1222.9705200019919,313.5299863320718,133.5857659437188,95.85082425874623,8.9399404413791,52.34696371509448,1
1468.8674813349949,225.9829064592025,139.40362836982362,117.97335044412196,-22.019770462178656,72.63721853737142,1
570.8229807514847,224.90901348336712,154.50115650152006,102.01042481623892,22.301056833860596,69.26754117212322,1
1438.1109213181412,212.0042278118433,151.81178931564375,130.22426778425753,0.9639580068278493,41.91438572465079,1
1909.5338908183453,695.7380301002408,211.57272555098783,93.24315647257437,1.0410370797700317,55.67422212619895,1
362.20800757772804,407.4661361334006,230.4565263479853,102.59651694826037,-8.376460345995032,46.75145583982132,1
1801.070319913932,376.1780910400852,294.146402444081,223.31254855233527,-1.4719587739414335,69.99760011399114,1
1242.630963928309,547.0945103195868,239.04230835761612,226.53014194623736,1.276411370438753,47.69964385830815,1
1593.8550304448427,345.28397247857305,73.9755891012901,112.30710730028838,-12.429925682227974,63.07026530909718,1
1350.7210234183483,429.93586600869185,249.81217578801005,133.67028932067433,-15.369739966874931,64.32748040208293,1
1922.841874887872,408.2594415026803,378.10101393707345,126.0830300939116,1.8657452182813827,56.08683371073516,1
1093.7303989528798,288.9275081177174,158.9629847198967,101.37345903562603,9.05320215845185,52.836303136567544,1
1244.8464448107875,775.7115462910299,247.56954864019036,117.1555123406489,5.759284487109705,57.81150537587316,1
1427.1095655508977,643.2233437407914,142.01441365496729,87.05401841736261,-2.8172175148888376,57.6984782811121,1
